{"main":"american-flights-api1.raml","name":"American Flights API1","organizationId":"48293666-a421-4dc3-b0d4-229503bb8ec1","groupId":"48293666-a421-4dc3-b0d4-229503bb8ec1","assetId":"american-flights-api12","version":"1.0.1","metadata":{"branchId":"master","commitId":"69015d5624bee45334e2da9ed57a8d477225d499","projectId":"931f3366-1d62-4e18-8ff7-bb3107494861"},"apiVersion":"v1","classifier":"raml","dependencies":[{"assetId":"training-american-flight-data-type","groupId":"68ef9520-24e9-4cf2-b2f5-620025690913","version":"1.0.1"},{"assetId":"training-american-flights-example","groupId":"68ef9520-24e9-4cf2-b2f5-620025690913","version":"1.0.1"}],"tags":[],"originalFormatVersion":"1.0"}